"지난주 국회의 경제 쟁점은 청와대 서별관회의에 관한 것이었다. 홍기택 전 산업은행 회장이 경향신문을 통해 대우조선해양에 대한 4조2000억원 지원이 서별관회의에서 정부 실세들의 결정에 따른 것이라고 밝히면서 정무위원회, 기획재정위원회, 운영위원회 가릴 것 없이 야당과 정부가 격돌했다.
정부는 당시 회의 기록과 자료를 내놓으라는 야당의 요구에 “서별관회의는 결정에 앞서 비공개로 협의하는 의사결정 과정”(임종룡 금융위원장) “결정하는 자리가 아니고 논의하고 협의하는 자리”(유일호 부총리)라고 발을 뺐다. 이원종 대통령 비서실장은 “정책을 결정하기 전에 논의하고 협의해 지혜를 묻는 성격의 회의”라고 주장했다. 참으로 뻔뻔하고 염치없는 변명이다. 조선업 구조조정에 천문학적 혈세가 투입되고, 국책은행마저 부실화돼 자금투입이 이뤄지는 상황인데도 이렇게 어물쩍 넘어가려는 정부의 태도는 한심하기 짝이 없다.
서별관회의는 경제부총리, 청와대 경제수석, 금융위원장 등이 참석해 경제현안을 다뤄온 회의체다. 안건 논의나 조율이 아랫단계에서 충분히 가능하다는 점을 감안하면 서별관회의가 ‘결정의 자리’라는 것은 쉬 예상할 수 있다. 정부 결정에 국책은행장이 거부하기 어려운 한국적 금융환경을 떠올리면 “대우조선 지원은 정부와 채권단 간 협의 뒤 결정”이라는 해명도 강자의 윽박지름의 결과로 보는 게 타당할 것이다. 그런데도 속기록이나 발언록은 존재하지 않고 관련 자료 역시 시장에 미치는 영향 때문에 공개할 수 없다는 관료들의 발언은 시민에 대한 최소한의 예의도 없는 무책임의 전형이라 하지 않을 수 없다.
서별관회의는 경제부총리, 청와대 경제수석, 금융위원장 등이 참석해 경제현안을 다뤄온 회의체다. 안건 논의나 조율이 아랫단계에서 충분히 가능하다는 점을 감안하면 서별관회의가 ‘결정의 자리’라는 것은 쉬 예상할 수 있다. 정부 결정에 국책은행장이 거부하기 어려운 한국적 금융환경을 떠올리면 “대우조선 지원은 정부와 채권단 간 협의 뒤 결정”이라는 해명도 강자의 윽박지름의 결과로 보는 게 타당할 것이다. 그런데도 속기록이나 발언록은 존재하지 않고 관련 자료 역시 시장에 미치는 영향 때문에 공개할 수 없다는 관료들의 발언은 시민에 대한 최소한의 예의도 없는 무책임의 전형이라 하지 않을 수 없다.

서별관회의가 문제가 되는 것은 국가 중요 사안을 논의하고 결정하면서 아무런 기록도 남기지 않는다는 데 있다. 천문학적 공적자금을 부실기업에 지원하면서 아무 일 없는 듯 기록이 없다고 말하는 정부를 어떻게 신뢰할 수 있나. 한국 금융의 후진성이 관치에 있다는 것은 삼척동자도 안다. 관치의 특징은 폐쇄성, 불투명성, 무책임성이다. 경제관료들이 국회 답변 과정에서 보여준 태도는 앞으로도 관치를 계속하겠다는 뜻이나 마찬가지다. 누구도 책임지지 않는 회의체는 존재할 필요가 없다. 아무것도 책임지지 않는 정부가 국가적 현안을 논의하고 방향을 제시할 까닭도 없다. 서별관회의는 당장 폐지하고 다른 공식 회의체를 활용하는 게 마땅하다.",NEG
"고용노동부가 그제 조선업을 특별고용지원업종으로 지정하면서 파업을 예고한 현대중공업, 삼성중공업, 대우조선해양 등 빅3는 지원대상에서 제외했다. 정부는 파업 때문이 아니라고 말하지만 고용보조금을 무기로 노조를 길들이려는 의도가 역력하다. 실제로 이기권 노동부 장관은 “특별고용지원업종으로 지정하려면 국민에게 설득력을 보이는 게 중요한데 파업한다고 하면 설득력이 많이 떨어진다”고 말했다. ‘대형 3사는 상대적으로 물량이 많이 남아 있어 고용 여력이 있다’고 핑계를 댔지만 파업이 진짜 이유임을 장관 스스로 노골적으로 드러낸 것이다.
문제는 과연 누가 빅3 노동자들을 파업으로 내몰고 있는가 하는 것이다. 구조조정에 반대하는 일체의 파업을 불법으로 판단하고 있는 한국만의 특이한 노동현실에서 노조가 형사처벌과 손배 폭탄을 각오하고 파업을 결의한 것은 쉬운 일이 아니다. 하지만 현재 조선업 구조조정이 대량해고를 전제로 노동자에게만 부담을 전가하는 상황에서 노조로서는 막다른 선택에 내몰릴 수밖에 없다. 지난달 13일 박근혜 대통령은 20대 국회 개원연설에서 “산업구조조정은 시장원리에 따라 기업과 채권단이 주도적으로 추진해야 한다”고 말했다. 이런 박 대통령의 인식에는 동의하기 어렵다. 구조조정을 채권단과 기업의 손에만 맡기는 한 해고는 최후의 수단이 아니라 가장 손쉬운 수단이 될 수밖에 없다. 실제로 내년까지 전체 20만명의 조선 노동자 중 6만3000여명이 해고된다는 얘기가 기정사실처럼 나돌고 있다. 조선업의 극심한 불황 국면에서 경기가 회복될 때까지 일정한 인력조정은 불가피하고 빅3 노동자도 예외가 될 수는 없다.
하지만 빅3 노동자들이 상대적으로 사내하청이나 물량팀 노동자에 비해 고액연봉을 받는다는 이유로 일방적인 구조조정의 대상으로만 몰고 가는 것은 위험하다. 정부는 그동안 노·사·정 3자 간 대화를 통해 구조조정 문제를 풀자는 노동계의 요구를 거부해왔다. 또한 노조가 받아들이기 어려운 조건을 내세워 무조건 수용하라는 식의 강압적 요구로 일관해온 측면도 부인하기 어렵다. 물론 노조 역시 노동시간 단축, 임금삭감 등 고통분담 없이 무조건 해고를 반대하는 식의 투쟁은 곤란하다. 정부는 고용보조금을 무기로 파업을 무력화시키겠다는 얄팍한 발상을 버리고 노사 간 실질적인 대화가 이뤄지도록 공정한 중재자로서 역할을 해주기 바란다.",NEG
"정부가 1일부터 0~2세 영아를 둔 주부의 취업 여부에 따라 어린이집 이용시간을 종일반(12시간)과 맞춤반(6시간)으로 차등화하는 ‘맞춤형 보육’ 시행에 들어갔다. 여론의 반발에 밀려 종일반 이용이 가능한 다자녀 기준을 완화하는 등 개선책을 뒤늦게 마련했으나 시행 첫날부터 혼란과 불만의 목소리가 터져 나왔다. 한 어린이집 관계자는 “맞춤반에 편성됐다는 이유로 오늘부터 오후 3시에 아이를 데려가라고 하기가 어렵다”고 말했다. 서울에 사는 전업주부는 현장을 찾은 정진엽 보건복지부 장관에게 “맞춤형 보육이 직장을 다니지 않는 엄마들을 밖으로 내보내려는 듯한 느낌이 들어 서운했다”고 말했다. 출발부터 잘못됐던 맞춤형 보육을 졸속으로 밀어붙인 결과다.
2012년 3월 0~2세 무상보육이 도입된 후 지난달까지는 맞벌이 여부에 상관없이 종일반 이용이 가능했다. 그러나 복지부는 무상보육을 필요한 사람들에게 필요한 만큼 제공하는 방식으로 합리화한다는 명분으로 맞춤형 보육을 들고나왔다. 홑벌이 가구의 영아를 맞춤반(하루 6시간)에 편입시키고 보육료도 종일반의 80%로 낮추겠다는 게 주요 내용이었다. 전업주부를 차별한다는 비판과 수익감소를 우려한 어린이집의 집단 반발로 보육대란이 우려되자 복지부는 지난달 30일 개선안을 내놓았다. 종일반 이용이 가능한 홑벌이 가정의 다자녀 기준을 3자녀 이상에서 2자녀(36개월 미만) 이상으로 확대하고 어린이집에 지급되는 기본보육료도 종일반과 동일한 수준으로 유지키로 한 것이다. 그러나 기본보육료 외에 학부모에게 지급되는 보육료는 당초 예정대로 20% 삭감키로 했다. 맞춤반 보육료 보전 대상이 전체 보육료가 아닌 기본보육료에 국한된 것이다. 복지부는 한두 달 차이로 아이를 종일반에 보낼 수 없게 되고 생후 36개월이 지나면 종일반에서 맞춤반으로 옮겨야 하는 학부모들의 심정을 얼마나 헤아렸는지 묻고 싶다.
무상보육은 저출산 문제를 해결하기 위한 중요 수단으로 공공성 강화가 핵심이어야 한다. 맞춤형 보육을 통해 전업주부에 대한 차별을 제도화한 것은 잘못이다. 누리과정(3~5세 무상보육) 예산을 시·도교육청으로 떠넘긴 것도 모자라 맞춤형 보육을 강행한 것은 무상보육 의지가 빈약함을 드러낸 것이나 다름없다. 정부는 법인세 인상 같은 세입 확충 방안은 외면하면서 복지사업 구조조정으로 예산을 절감하려는 꼼수를 그만두어야 한다.",NEG
"국경없는 기자회’가 발표한 ‘2016 세계 언론자유지수’에서 한국은 70위를 기록했다. 한국의 언론자유지수는 노무현 정부 시절인 2006년 31위로 최고점을 찍었으나 이명박 정권 때인 2009년 69위까지 추락했다가 이번에 최하위 기록을 갈아치웠다. 부끄러운 순위지만 ‘이정현 녹취록’에 대한 청와대의 태도를 보노라면 70위도 후한 평가라는 생각을 지우기 어렵다. 이원종 대통령 비서실장은 세월호 참사 당시 김시곤 KBS 보도국장에게 전화해 비판 보도를 하지 말라고 압박한 이정현 전 홍보수석(현 새누리당 의원)의 행태를 두고 “본연의 임무에 충실했던 것”이라고 말했다. 헌법상 언론의 자유와 방송법이 명시한 ‘방송편성의 자유와 독립 보장’에 위배되는 발언이다. 대통령비서실이 언론통제를 ‘본연의 임무’로 간주하는 나라는 민주공화국이라 부를 수 없다.
어제 국회에 출석한 이 실장은 강병원 더불어민주당 의원의 질의를 받고 “이정현 당시 홍보수석이 뉴스를 보고 얘기했던 것은 홍보수석 본연의 임무에 충실하기 위해 협조를 (요청)했던 것이 아닌가 추측한다”고 답변했다. 기동민 의원 질의에 대해서도 “통상적인 업무협조 요청을 하지 않았나 한다”고 밝혔다. 이 실장 답변대로라면 지금도 청와대 홍보수석은 공영방송을 비롯한 언론의 보도에 ‘통상적으로’ 개입하고 있다는 말이 된다. 얼떨결에 사실을 고백한 건가, 아니면 억지 주장으로 여론을 호도하는 건가. 이 실장은 야당에서 ‘박근혜 대통령발 제2의 보도지침’으로 비판하자 “(세월호) 사고가 났을 때 가장 어깨가 무겁고 마음이 아팠던 분이 누구겠느냐, 대통령이라고 생각한다”고 말하기도 했다. 시민에게 사과하는 대신 대통령 심기경호에만 애쓰는 비서실장을 보며 낯이 뜨거워진다.
무책임한 인식을 드러낸 청와대 인사는 이 실장뿐이 아니다. 김성우 홍보수석은 이정현 의원과 통화한 사실을 공개하며 “독자적 판단으로 전화를 했다더라”고 말했다. 정연국 청와대 대변인도 “(이정현·김시곤) 두 사람 사이의 대화다. 우리가 얘기하는 게 적절치 않다”고 했다. 이 의원의 ‘개인적 일탈’로 몰고 가려는 의도가 읽힌다. 그러나 이 의원은 사장 임명권을 통해 공영방송을 쥐락펴락하는 청와대의 홍보수석이자 대통령의 최측근이었다. 이런 인사가 ‘대통령이 뉴스를 봤다’는 말까지 해가며 기사 삭제를 요청한 것은 의도가 무엇이었든 ‘압력’으로 받아들여질 수밖에 없다. 박 대통령은 언론 자유와 공영방송의 독립성을 침해한 데 사과해야 한다. 이 의원은 의원직을 사퇴하고 방송법 위반 혐의로 수사받아야 할 것이다.",NEG
"도시생활을 견디기 어려운 청년들이 농어촌으로 떠밀리고 있다. 통계청이 어제 발표한 ‘귀촌인 통계’를 보면 1년 이상 동(도시)에서 살던 31만7409가구, 46만6778명이 지난해 읍·면(촌)으로 이동했다. 귀촌 가구는 전년보다 6% 늘었고, 2013년에 비해서는 11.5% 증가했다. 특이한 것은 지난해 사상 처음 귀촌인 중 20대 비율이 가장 높았다는 점이다. 전체의 절반을 넘는 51.3%가 20·30대 청년이었다. 43.6%는 귀촌 전 거주지가 서울·인천·경기 수도권이었다. 높은 전셋값을 감당하기 어렵고, 일자리 잡기도 쉽지 않자 청년이 도시를 등지고 있다. 퇴직 후 전원생활을 꿈꾸는 장년층의 귀촌보다 비자발적인 청년 귀촌이 더 많은 것이다.
이는 청년에게 희망을 주지 못하는 한국 사회의 단면을 보여준다. 지난달 15~29세 청년 실업률은 9.7%로 5월 기준 사상 최고치였다. 지표는 청년 10명 중 1명만 실업이지만 현실은 그렇지 못하다. 수입을 목적으로 1주 동안 1시간 이상 일했다면 모두 취업자로 분류한다. 사실상 실업상태인 아르바이트와 시간제 비정규직 등도 취업자 통계에 잡힌다. 한 민간 경제연구소가 최근 분석한 청년 체감실업률은 34.2%에 이른다. 지난달 서울의 아파트 3.3㎡당 전셋값은 1565만원으로 2년 새 27.5% 급등했다. 뛰어오르는 전셋값은 서울 인구를 18년 만에 1000만명 밑으로 끌어내렸다. 상대적으로 소득이 적은 젊은층은 도시를 떠날 수밖에 없다.
정부는 청년 일자리와 주거문제를 해결할 수 있는 보다 근본적인 대책을 세워야 한다. 또한 농어촌에 정착하겠다는 계획을 가진 청년을 지원하는 방안도 강구해야 할 것이다. 귀촌인의 주택과 토지에 대한 면세, 교육훈련 지원, 농어촌 학교 무상교육, 청년 농업인 기본소득 지급 등 선진국에서 시행하는 정책을 참고할 만하다. 도시 청년이 농어촌에서 일자리를 찾고 정착한다면, 심각한 취업난과 농어촌 고령화 문제를 해결할 수 있다. 청년이 희망을 잃지 않아야 국가의 미래도 기약할 수 있다.",NEG
"청와대 홍보수석이 KBS 보도국장에게 전화를 걸어 정권에 비판적인 보도를 일일이 통제해온 사실이 드러났다. 전국언론노동조합 등 7개 언론단체가 어제 기자회견을 통해 공개한 세월호 참사 당시 이정현 홍보수석과 KBS 김시곤 보도국장의 통화 녹취록은 소문으로 전해져온 현 정권의 방송장악 실태를 그대로 보여주고 있다. 특히 이 수석의 발언은 KBS를 시청자의 알 권리를 충족하고 권력에 대한 비판감시를 수행해야 하는 공영방송이 아니라 정권의 홍보방송으로 착각하고 있는 청와대의 오도된 인식을 드러내고 있다는 점에서 문제의 심각성이 있다.
녹취록을 보면 이 전 수석은 세월호 참사 직후인 2013년 4월21일 KBS <9시뉴스>가 해경에 대해 7건의 비판적 보도를 내보내자 보도국장에게 전화를 걸어 “지금 이 시점에 ‘해경하고 정부를 두들겨 패야지~’, 그게 맞느냐”고 불만을 표시했다. 그는 “KBS가 저렇게 보도하면 전부 다 해경 저 새끼들이 잘못해 가지고 이 어마어마한 일이 일어난 것으로 생각할 것 아니냐”고까지 했다. KBS 보도로 인해 세월호 사태의 책임이 선원들보다 해경에 초점이 맞춰지는 것에 비속어까지 섞어가며 강한 유감을 표시한 것이다.
문제는 공영방송의 독립성과 자율성을 수호해야 할 보도국장이 청와대의 부당한 외압에 별다른 항변도 하지 못한 채 힘없이 굴복했다는 점이다. 김 전 보도국장이 “이 선배, 솔직히 우리만큼 많이 도와준 데가 어디 있느냐”고 읍소한 대목은 한숨을 자아내게 한다. 청와대의 KBS 통제가 세월호 사태 이전부터 일상적으로 행해졌고 KBS가 고분고분 청와대 지시를 받아들여 왔음을 보여주고 있기 때문이다.
이 전 수석의 부당한 보도통제는 2014년 4월30일 KBS <9시뉴스>가 해경이 군의 투입을 통제했다는 보도를 내보낸 후 다시 이어졌다. 이 전 수석은 후속 심야프로인 <뉴스라인>의 보도 방향과 관련해 “다른 걸로 대체를 해주던지 녹음 한번만 더 해달라”고 요구했다. 이후 해군과 해경의 손발이 맞지 않아 초기 구조작업이 지연된 부분은 삭제됐다.
이 전 수석은 “당시에 한명의 생명이라도 더 구해야 한다는 절박함에서 선 수습하고 나중에 비판하라는 취지였다”고 해명했다. 하지만 4월30일 통화 녹취록에는 이 전 수석이 “하필이면 또 세상에 (대통령이) KBS를 봤네”라며 해경을 비판하는 아이템의 교체를 요구하는 부분이 나온다. 이 전 수석의 의도가 신속한 구조보다 대통령의 불편한 심기를 염두에 둔 것임을 어렵지 않게 짐작하게 하는 대목이다.
녹취록에 나타난 발언들은 그 구체적 내용을 하나하나 나열하지 않더라도 청와대가 공영방송인 KBS를 어떻게 생각하고 있는지를 고스란히 보여준다. ‘언론 장악은 가능하지 않다’는 박근혜 대통령의 약속은 사실상 허언이었음이 만천하에 드러난 것이다. 이 전 수석의 부적절한 처신은 단지 도덕적인 비난을 넘어 ‘누구든지 방송편성에 관하여 규제나 간섭도 할 수 없다’는 방송법 4조2항을 정면으로 위배한 범죄행위다. 특히 세월호 사고 초기부터 청와대가 전면에 나서 정부의 책임을 은폐하려 했다는 사실은 청와대와 정부의 세월호 특조위 활동 연장 반대가 어떤 정당성도 없다는 점을 확인해주고 있다. 이제 20대 국회의 과제가 분명해졌다. 방송의 공정성과 독립성을 확보하기 위한 공영방송 지배구조를 개선해야 한다.",NEG
"부산의 학교전담경찰관 2명이 여고생들과 성관계를 맺은 사건이 일파만파로 번지고 있다. 학교 폭력 예방 차원에서 파견된 학교전담경찰이 담당 학교 여고생과 부적절한 관계를 맺은 그 자체만으로도 충격적이다. 청소년들을 보호해야 할 학교전담경찰이 지위를 악용해 파렴치한 행각을 벌인 것은 변명의 여지가 없는 일이다. 더욱 큰 문제는 경찰이 사건을 은폐하고 있는 정황이 잇따라 드러나고 있다는 것이다.
지난 24일 전직 경찰서장이 사회관계망서비스(SNS)에서 사건을 폭로하자 가해 경찰이 근무했던 일선 경찰과 부산지방경찰청, 경찰청 등은 ‘SNS를 보고서야 알았다’ ‘사표 낸 뒤에야 알았다’ ‘계장까지만 알았다’는 반응을 보였다. 그러나 사건의 실체가 한꺼풀씩 벗겨질 때마다 경찰의 주장이 ‘사실 아님’으로 속속 드러나고 있다. 즉 지난 5월9일 피해 여고생을 상담한 청소년보호기관이 부산경찰청에 연제경찰서 소속 경찰의 비위 사실을 신고했다. 전화를 받은 부산경찰청 담당직원(경위)은 ‘성범죄가 아닌 품위 위반의 문제’라며 신고 전화를 연제경찰서로 넘겼다. 경찰청 역시 마찬가지였다. 경찰청은 지난 6월1일 ‘학교전담경찰과 여고생의 부적절한 성관계’ 첩보를 입수, 부산경찰청에 사실 여부를 물었던 것으로 밝혀졌다. 이에 부산경찰청은 “그런 사실로 의원면직한 직원이 있다”고 대답했다. 한마디로 애초에 ‘사건을 몰랐다’고 강변한 경찰청과 부산경찰청, 일선 경찰서 모두 거짓말 퍼레이드에 가세한 것이다. 처음부터 이 사건을 ‘성폭력이 아닌 성관계이며, 따라서 성범죄가 아닌 품위의 문제’로 넘기려던 경찰의 안이한 대처도 도마에 올라야 한다. 상담을 빌미로 미성숙한 청소년을 농락한 경찰의 행위를 그저 ‘품위 위반’쯤으로 치부한다는 것인가. 그 과정에서 가해 경찰관들은 어떤 징계도 받지 않고 슬그머니 사표를 냈으며 퇴직금까지 수령해갔다.
강신명 경찰청장은 뒤늦게 “지위고하를 막론하고 엄중한 진상조사를 벌이겠다”고 밝혔다. 이번에도 꼬리 자르기식 조사로 넘기려 해서는 곤란하다. 무엇보다 학교전담경찰의 여학생 성폭행 사실을 서장이나 경찰청장이 몰랐다는 주장을 누가 믿겠는가. 경찰이 ‘입만 열면 거짓말한다’는 오명을 벗을 수 없다면 그토록 주장하는 수사권 독립은 언감생심임을 알아야 한다. 이참에 전시행정의 표본으로 시행된 학교전담경찰 제도도 전면 재검토해야 한다.",NEG
"더불어민주당 서영교 의원의 가족 채용이 논란이 되던 터에 새누리당 박인숙 의원도 자신의 친척을 보좌진으로 채용한 것으로 확인됐다. 박 의원은 5촌 조카를 5급 비서관으로, 자신의 당원협의회 사무실에서 회계를 맡던 동서를 국회의원실 인턴 직원으로 채용한 것으로 경향신문 보도에 의해 드러나 어제 대국민 사과했다. 더민주 서 의원과 국민의당 총선 홍보비 리베이트 의혹을 연일 비판하던 새누리당으로선 머쓱하게 됐다. 남의 눈의 티끌은 쉽게 찾아내면서 자기 눈의 들보를 보지 못한 꼴로 당연한 귀결이다.
새롭게 밝혀지고 있는 새누리당 의원들의 비위 의혹도 국민의당 리베이트 의혹이나 더민주 서 의원의 사안과 다를 게 없다. 보좌진 월급을 빼돌려 정치자금으로 사용한 혐의를 받고 있는 이군현 의원은 국민의당 김수민 의원과 함께 선관위에 의해 고발당했다. 선관위가 김 의원 사건과 마찬가지로 이 사안을 엄중하게 보고 있는 것이다. 박 의원의 경우도 마찬가지다. 친척을 한꺼번에 두 명이나 채용한 것은 어떤 설명으로도 정당화할 수 없다. 더구나 이들은 지난 19대 때부터 박 의원 사무실에서 근무해온 것으로 드러났다. 그런데도 새누리당은 자신의 허물은 모른 채 두 야당과 의원들만 비판했다. 박 의원은 채용한 조카 등이 다른 사람보다 일을 더 많이 했다며 서 의원과는 사안이 다르다고 항변했다. 당이나 의원이나 어쩌면 이렇게 하나같이 자기들이 한 것은 옳고 남이 저지른 일은 잘못됐다는 이율배반적 사고에 빠져 있는지 이해가 가지 않는다. 정치판에서 상대방을 공격하는 것은 당연한 일이지만 자기 자신의 허물부터 돌아보는 최소한의 염치는 있어야 한다.
새누리당은 자기 당으로 화살이 돌아오자 소속 의원들이 8촌 이내의 친·인척을 보좌진에 채용하는 행위를 금지하기로 했다. 자기 당으로 옮아붙은 불을 급하게 끄려는 마음은 이해가 되지만 진정성이 부족한 포퓰리즘적 대응이다. 진정으로 잘못을 반성하고 바로잡고자 한다면 하태경 의원이 제안한 대로 의원 전수조사를 통해 친·인척 채용의 실태를 모두 파악한 뒤 해결방안을 찾는 게 옳다. 박명재 사무총장이 “국민 눈높이에 맞는 혁신정당으로 거듭나도록 이런 비정상적 관행이 적발되면 당 차원의 강력한 징계 조치를 취할 것”이라고 했으니 지켜보겠다. 불합리한 적폐와 관행을 더 이상 용납하지 않겠다는 국민의 뜻을 정치권은 깊이 새겨야 한다.",NEG
"안철수 국민의당 상임공동대표가 ‘총선 홍보비 리베이트 사건’의 책임을 지고 천정배 공동대표와 동반 사퇴했다. 안 대표는 어제 브리핑에서 “이번 일에 관한 정치적 책임은 전적으로 제가 져야 한다고 생각한다. 모든 책임을 지고 대표직을 내려놓겠다”고 밝혔다. 20대 총선에서 ‘녹색 돌풍’을 일으키며 원내 3당으로 부상한 국민의당은 창당 4개월여 만에 최대 위기에 봉착했다.
리베이트 사건 수사는 아직 진행 중이다. 법적 판단이 마무리되지 않은 사안을 당 대표가 책임져야 하는지에 대해선 논란이 있을 수 있다. 그러나 특정 인사의 개인 비리를 넘어 당 차원의 조직적 개입 의혹이 제기되는 만큼 안 대표가 정치적 책임을 지는 일은 불가피했다고 본다. 앞서 국민의당은 사건에 연루된 김수민·박선숙 의원과 왕주현 사무부총장에 대해 ‘기소 후 당원권 정지’를 결정했으나 미온적 대응이라는 비판에 직면했다. 당헌·당규라는 자체 규범만 앞세웠을 뿐 사안의 심각성이나 시민의 눈높이는 고려하지 않았기 때문이다. 안 대표의 사퇴는 결국 본인이 자초한 것이나 마찬가지다.
안 대표는 지난 2월 국민의당을 창당하며 “한국 정치의 판을 바꾸는 혁명을 시작한다”고 선언했다. 정치부패, 당리당략, 게으름과 무책임 등의 낡은 관행을 퇴출시키겠다고 약속했다. 그러나 이번에 국민의당과 안 대표가 보여준 모습은 총체적 난맥 자체였다. 리베이트 의혹이 불거진 직후 안 대표는 “사실이 아닌 것으로 보고받았다”며 관련자 감싸기로 일관했다. 최측근인 박선숙 의원이 연루된 만큼 보다 선제적인 대응이 필요했으나 무의미한 사과만 거듭했다. 당 차원의 진상조사단은 당사자 면담조차 없이 ‘셀프 면죄부’성 조사결과를 내놓았다. 안 대표의 리더십이 실종된 사이 당내에서는 제보자를 색출해야 한다는 등 낯뜨거운 분열상이 드러났다. ‘정치혁명’은 구호에 그쳤을 뿐 실체가 없었다. 이제 국민의당은 ‘안철수 대표 없는 안철수당’이라는 모순적 상황에 직면했다. 하지만 위기는 기회가 될 수도 있다. 이번 사건을 특정인 중심의 사당에서 탈피해 시스템 중심의 공당으로 거듭나는 계기로 삼아야 한다. 당내 민주주의를 정착시켜 지속가능한 정당을 기약해야 한다. 리베이트 사건 관련자들에 대해 가혹하다고 여겨질 만큼의 조치가 필요함은 말할 나위도 없다. 안 대표는 공천 신청조차 하지 않은 김수민 의원을 비례대표 당선권에 배정한 이유를 명확히 밝히기 바란다. 또한 내년 대선에 도전하고자 한다면 치열한 자기쇄신을 통해 국가경영에 필요한 리더십을 갖춰나가야 할 것이다.",NEG
"304명의 생명을 앗아간 세월호 참사 당시 제주해군기지로 가는 물량을 포함해 수백t의 철근이 선적돼 있었던 것으로 확인됐다. 세월호참사특별조사위원회(특조위)는 지난 27일 채택한 진상규명조사보고서에서 세월호에 선적된 철근은 410t이었으며 이 중 일부가 제주해군기지로 가는 물량으로 확인됐다고 밝혔다. 또한 황주홍 국회 농림축산식품해양수산위원회 간사는 해양수산부에서 받은 자료를 통해 세월호에 426t의 철근이 실렸으며 이 가운데 278t은 도착지가 제주해군기지였음이 확인됐다고 밝혔다.
이는 정부가 세월호 침몰에 원인 제공자 역할을 했을 수 있다는 점에서 매우 중대한 문제다. 그동안 세월호에 제주해군기지로 가는 철근이 대량 선적돼 있었다는 의혹이 제기돼 왔지만 국방부는 부인해 왔다. 제주해군기지행 철근의 이동경로가 공장→부산→제주항→공사현장이란 입장이었다. 국방부 관계자는 언론에 “제주해군기지를 건설하는 업체 간에 이뤄진 일이기 때문에 관련된 사안을 확인하기가 어렵다”고 밝혔다. 그렇다면 해수부가 가짜 자료를 국회에 제출한 것인지, 국방부가 알면서도 거짓말을 하고 있는 것인지 규명되어야 할 것이다. 더구나 지난해 5월 검경합수부는 수사결과 발표에서 세월호에 286t의 철근이 실렸다고 밝혔다. 세월호 특조위 보고서의 410t과 비교하면 124t을 누락시켰다는 계산이 나온다. 수사가 부실했음을 알 수 있고 정부를 감싸고 돈 것은 아닌지 논란이 제기될 수밖에 없다.
세월호 침몰의 주요 원인으로는 과적이 지적돼 왔다. 철근은 중량물(부피에 비해 무거운 물건)이란 점에서 누구에 의해 얼마나 실렸는지, 규정을 위반하진 않았는지 반드시 밝혀져야 한다. 제주해군기지로 가는 철근이 수백톤이나 실려 있었다면 세월호 운항 당시 기상여건이 나빴다는 점에서 정부가 운항을 독촉했던 것 아니냐는 의혹을 피할 수 없다. 철근 무게와 행선지가 참사 후 2년이 넘은 시점에서야 드러나고 있는 것도 정부의 은폐 시도가 아니고서는 설명하기 힘들다. 세월호 선원들은 참사 전에도 철근 과적의 문제점을 계속 우려해 온 것으로 알려졌다. 정부는 세월호 선체 인양이 이뤄지지 않았고 각종 의혹이 제기되고 있음에도 이달 말로 세월호 특조위 활동을 강제 종료시키려 하고 있다. 국회는 세월호특별법 개정과 특검 도입을 통해 정부를 견제하고 진상규명에 앞장서야 한다.",NEG
"국민의당이 총선 홍보물 제작 과정에서 리베이트 수수 의혹을 받고 있는 김수민, 박선숙 의원 등 당사자들에 대해 ‘기소 후 당원권 정지’를 결정했다. 사건의 또 다른 당사자인 왕주현 사무부총장이 구속된 뒤 꼬박 하루 동안 긴급 최고위와 의총 등을 연 끝에 이런 징계를 내리기로 했다. 이번 사건으로 국민에게 걱정을 끼치고 회계 처리를 잘못한 데 대해 사과하면서도 당헌·당규에 따라 검찰의 수사를 지켜본 뒤 이들이 기소되면 당원권을 정지하기로 방침을 정한 것이다. 당원권이 정지되면 당직을 맡거나 당내 선거에는 참여할 수 없지만 의원직 수행에는 지장이 없다. 미온 대응이라는 비판이 일면서 새정치를 하겠다던 당에 대한 믿음이 땅에 떨어졌다.
이번 사건이 발생한 뒤 국민의당이 보여준 대응은 기존 정당과 하등 다를 바 없었다. 당과 지도부는 “국민께 죄송하다”느니 “엄격하고 단호한 조치를 취하겠다”며 말만 앞세울 뿐 엄정한 조사와 상응하는 조치는 취하지 않았다. 이상돈 진상조사단장이 자체 조사 후 문제가 없다고 했지만 검찰 수사가 진행되자마자 분위기가 정반대로 돌아섰다. 새정치 구호를 앞세워 다른 당을 비판해온 날선 모습은 찾아볼 길이 없었다. 안철수 대표는 평소 비리 의혹을 받는 의원에 대한 무관용을 공언해왔다. 그런데 정작 자기 당에 문제가 생기자 그 잣대를 거둔 것이다. 이렇게 국민과의 기본적인 약속도 지키지 못하면서 어떻게 새정치를 구현하겠다는 것인지 묻지 않을 수 없다.
사건 처리 과정에서 보여준 당내 리더십도 새정치를 표방하는 당답지 못했다. 당사자들을 출당시키라는 일각의 요구는 지도부회의와 의총에서 흐지부지됐다. 당사자들은 서로 책임을 떠넘기는 등 당내 분열상도 노정했다. 고위당직자는 사건 초기 실상도 모르면서 당과 당사자들을 두둔하려는 구태도 연출했다. 당 지도부가 책임을 져야 한다는 목소리가 나오는 것은 당연하다. 호남 지지율이 급락해 더불어민주당에 뒤진 것으로 조사된 것도 무리가 아니다.

국민의당은 여소야대 정국에서 제3당으로서 균형추 역할을 자임하고 있다. 지난 총선에서 정치개혁과 양당구도 타파를 앞세워 약진한 기세를 몰아 차기 대선에서 집권하겠다고 나섰다. 하지만 이번 사건 대응에서 드러난 국민의당의 역량과 자세는 수권 능력을 의심케 하기에 충분하다. 국민의당의 맹성과 당 재정립을 촉구한다.",NEG
"정부가 ‘하반기 경제정책 방향’을 통해 10조원대 추가경정예산(추경) 편성을 포함해 20조원 이상의 재정보강을 추진키로 했다고 밝혔다. 박근혜 정부는 출범 이후 매년 추경 또는 재정보강에 나서고 있다. 2013년 역대 두번째 규모인 17조원대 추경을 편성했고, 이듬해는 세월호 참사 이후 대규모 재정보강을 실시했다. 지난해는 메르스 사태에 따른 내수침체를 극복하려는 추경이 있었다. 올해 추경의 명분은 구조조정과 ‘브렉시트’에 따른 경기·고용 침체 극복이다. 해마다 추경을 되풀이하는 것은 경제환경이 급변한 탓도 있겠지만 불과 6개월 앞을 내다보지 못하는 정부의 경제정책이 잇따라 실패했다는 뜻이다.
박 대통령은 어제 국민경제자문회의 겸 경제장관회의를 주재하면서 “경제는 흐름이 중요하고 정책은 타이밍이 생명”이라며 국회에 조속한 추경안 처리를 부탁했다. 추경은 경제 상황이 위급할 때 단행하는 만큼 신속히 처리하는 게 맞다. 그러나 정부가 왜 항상 응급처방만을 내놓는지는 따져봐야 한다. 4년 내내 추경과 재정보강으로 돌려막기를 하고 있음에도 성장은 정체해 있다. 올해 하반기 20조원 넘는 추경·재정보강이 이뤄져도 성장률은 2.8%에 그칠 것으로 전망됐다. 한국경제가 만성질환에 시달리고 있다는 뜻이다. 그간 정부는 세계 경제 흐름을 제대로 파악하지 못했고, 타이밍에 맞는 정책도 내놓지 못했다.
증세를 외면하는 현 정부 기조로는 땜질식 추경을 반복할 수밖에 없다. 세금을 더 걷지 않아도 정책 운용이 가능하다며 예산을 편성한 정부는 몇 달 뒤 경기가 침체했으니 추경이 필요하다고 한다. 정부 조세정책과 예산 편성 모두 잘못됐다. 경기진작을 위한 재정확대 정책을 쓰려면 증세를 포함해 세수를 늘리는 방안을 먼저 강구해야 한다. 그래야 근본적이고 장기적인 경기회복 정책을 펼 수 있고, 정부 재정건전성도 좋아진다. 이번 추경은 국채 발행 없이 초과 세수로 충당한다지만, 하반기에도 세금이 잘 걷힐 것이라고 장담할 수 없다.
또한 추경을 하기로 했다면 경기와 고용 침체로 가장 큰 피해를 보는 서민을 챙기는 데 중점을 둬야 한다. 지난해 12조원 규모 추경을 편성하고도 민생 안정에는 턱없이 부족한 1조2000억원만 배정했던 것은 잘못이다. 올해 추경 편성의 근거라고 할 수 있는 대량실업 우려를 해소하는 데 초점을 맞춰야 할 것이다. 실업대책은 일자리 확대뿐 아니라 질을 높이는 문제도 고려해야 한다. 국회는 일자리와 민생 추경이 되도록 철저히 심사해야 한다. 혹시라도 국회가 지역구 민원사업에 추경을 끌어다쓰는 구태는 재연하지 않기를 바란다.",NEG
"박근혜 대통령이 “지금 우리의 분열을 꾀하며 북한을 옹호하는 세력들을 막아야 한다”고 말했다. 박 대통령은 어제 청와대에서 수석비서관 회의를 주재하면서 “국가가 위기에 처했을 때 가장 무서운 것은 내부의 분열과 무관심”이라며 이같이 말했다. “과거 월남이 패망했을 때도 내부의 분열과 무관심이 큰 원인이었다”고도 했다. 북한의 핵·미사일 도발에 대응하려면 국제공조뿐 아니라 국민적 공감대가 필요하다는 점을 강조한 것이지만 심히 부적절하다. 도대체 언제까지 시대에 뒤떨어진 색깔론에 기대려는지 걱정이 앞선다.
박 대통령의 ‘북한 옹호’ 발언은 중국 내 북한식당에서 집단 탈북한 종업원들의 인신보호 구제를 청구한 ‘민주사회를 위한 변호사모임’(민변)을 두고 한 말인 듯하다. 하지만 이는 사실 왜곡이다. 정부가 먼저 신원을 공개해놓고 이제 와서 탈북자들의 자유의사를 확인해보자는 것을 북한 편들기로 몰아붙이는 것은 저급한 정치공세다. 사안의 옳고 그름이나 인권은 도외시한 채 무조건 북한과 비슷한 주장을 한다는 것만으로 분열 책동이라고 공격하는 것은 해묵은 매카시즘이다. 입으로는 국민통합을 말하면서 정작 대통령 자신이 분열을 조장하는 꼴이다.
‘월남 패망’이라는 말도 대통령의 언사로는 부적절하다. 전략적 동반자 관계인 베트남의 주권국가로서의 위상을 부정하는 외교 결례이다. 경제 협력 관계는 물론 실리 측면에서도 부정적 영향을 끼칠 수밖에 없는 언급이다. 베트남전에서 패한 미국 대통령도 이런 말은 쓰지 않는다. 박 대통령은 연초 대국민담화에서도 월남 패망이란 말을 한 바 있다. 박 대통령의 인식이 1970년대에서 멈춰 있음을 거듭 확인한 것 같아 씁쓸할 뿐이다.
더욱 걱정스러운 것은 박 대통령의 발언에서 드러난 인식이 총선 전과 전혀 달라지지 않았다는 점이다. 총선 후 박 대통령은 자신과 다른 의견을 가진 사람들에 대한 공격을 한동안 자제하는 듯하더니 서서히 독불장군 본색을 드러내고 있다. 다르거나 반대되는 주장을 무조건 배격하는 사고방식은 다원주의 시대에 근본적으로 맞지 않는다. 디지털 기반의 창조경제를 강조하면서 국민총화, 총화단결이란 전체주의적 용어를 입에 올리는 것이 과연 어울리는 일인가. 국정 책임자로서 위험한 인식이라는 점을 왜 깨닫지 못하는지 안타까울 따름이다.",NEG
"세계를 공포로 밀어 넣고 있는 브렉시트(영국의 유럽연합 탈퇴)가 현실화한 것은 영국 내 고립주의 발호, 이민자에 대한 반감, 정치인의 선동, 반세계화 정서 등 그 원인이 복잡하다. 그러나 비이성적 선택으로 보이는 브렉시트의 근저에는 신자유주의가 서서히 종언을 고하고 있다는 역사적 흐름이 자리 잡고 있다. 브렉시트는 영국 노동자계급의 신자유주의에 대한 반란이다. 영국의 전통적 공업지대에서 브렉시트 찬성표가 많았다는 점은 신자유주의의 핵심인 자유무역이 노동자들에게 이익을 가져다주지 못했음을 보여준다. 자유무역은 상품과 서비스, 인력, 자본의 자유로운 이동을 뜻한다. 2000년 이후 동유럽 국가들이 유럽연합에 가입하면서 영국에는 폴란드에서만 100만명 이상이 유입됐다. 영국 기업들은 해외로 나가 이득을 올렸다. 이는 경제성장이 탄탄한 시기에는 별문제가 되지 않지만 침체기에는 달라진다. 자유무역의 혜택이 기업과 투자자, 엘리트들에게 집중되는 현실을 노동자들은 받아들일 수 없게 되고 희생양을 찾게 되며 결국 이민자가 타깃이 됐다.
신자유주의는 오일쇼크와 복지국가의 위기에서 벗어나기 위한 처방으로 영국과 미국에서 도입돼 1980년대 이후 세계를 풍미했다. 작은 정부와 시장의 역할 강화, 관세 없는 자유무역이 글로벌 경제질서의 대세로 자리 잡았다. 그러나 지나친 부의 편중을 불렀고 2008년 9월 글로벌 금융위기 이후 신자유주의에 대한 부정적인 시각이 확산되기 시작했다. 브렉시트를 통해 신자유주의의 본산지였던 영국에서 신자유주의가 한계에 처했음이 확인됐다. 미국 대선에서도 이민 제한과 보호무역주의가 득세하면서 영국과 비슷한 양상이 전개되고 있으며 신자유주의에 대한 피로감이 극에 달했음을 보여주고 있다. 신자유주의 확산의 전위대 역할을 했던 국제통화기금(IMF)조차 최근 신자유주의 정책이 불평등을 키웠다며 반성문을 썼다.
브렉시트는 양극화의 골이 깊어지면 극단적 선택이 현실화할 수 있음을 보여주는 사례다. 양극화는 한국에서 가장 심각한 병폐지만 이를 해결하기 위한 정부의 노력은 미흡하다. 대기업 위주의 성장전략과 노동시장의 고용유연성, 자유무역협정의 무분별한 확대 등 신자유주의적 해법에만 집착하고 있다. 박근혜 정부는 브렉시트를 반면교사로 삼아 경제민주화를 내세웠던 초심으로 돌아가야 할 것 이다.",NEG
"정부의 ‘맞춤형 보육’ 시행에 항의하는 일부 어린이집이 어제 집단행동을 벌였다. 자율 등원 방식의 집단행동이어서 어린이집에 오는 아이를 막는 사례는 없었다. 우려했던 큰 혼란을 피한 것은 다행이다. 그러나 당장 아이 맡길 곳이 마땅치 않았던 부모는 혹시라도 어린이집이 문을 닫지 않을까 마음을 졸일 수밖에 없었다. 아이를 마음 놓고 키우기 어려운 한국 보육의 현실을 적나라하게 보여줬다. 세계 최저 출산율 국가임에도 저출산을 막기는커녕 아이 낳기 힘든 환경을 방치하는 듯하다. 출산 장려 정책의 하나인 무상보육은 정부가 오히려 지원을 축소하고 있다.
통계청이 어제 발표한 인구동향을 보면 올해 들어 4월까지 출생아 수는 14만7900명으로 지난해 같은 기간보다 5.2% 감소했다. 이런 추세라면 올해 출생아 수는 42만명에도 못 미쳐 역대 최저였던 2005년 기록(43만5031명)을 갈아치울 게 확실시된다. 2014년 1.205에서 지난해 1.240으로 소폭 상승세로 돌아섰던 출산율도 다시 하락할 수밖에 없다. 한국의 초저출산 추세는 내년부터 15~64세 생산가능인구 감소를 초래한다. 경제활동이 가능한 인구가 줄어들면 노동력이 부족해 공장 가동이 줄어든다. 소비와 투자도 위축돼 저성장에 빠지게 된다.
저출산이 국가적 재앙을 초래할 것으로 우려되지만 정부 대책은 거꾸로 가고 있다. 저출산의 주요 원인은 집값과 보육비 부담이 크기 때문이다. 시민 부담을 덜기 위해 정부는 2012년 무상보육 정책을 꺼내 들었다. 그러나 지금은 무상보육 구조조정이 필요하다며 맞춤형 보육을 밀어붙이고 있다. 맞춤반 보육료는 종일반의 80%이다. 어린이집은 보육료 삭감에 따라 운영난이 심해지고 서비스 질도 떨어진다고 반대한다. 아이를 맞춤반에 보내야 하는 전업주부의 가사노동을 인정하지 않고, 여성의 사회진출을 가로막는다는 지적도 나왔다.
어린이집과 부모 양측 모두가 반대하고, 탁상행정이라는 비판을 받고 있는 획일적인 현행 맞춤형 보육은 시행을 미루고 정밀하게 보완책을 마련해야 한다. 보육료 삭감 영향을 받는 어린이집, 아이를 맡기는 부모와의 소통과 협의를 통해 개선방안을 찾아야 할 것이다. 누구에게도 혜택이 돌아가지 않는다면 정책의 가치는 없다. 정부가 보육예산 절감에만 매달리느라 저출산을 부추기는, 소탐대실하는 우를 범하지 않기를 바란다.",NEG
"북한이 그제 발사한 중·장거리 미사일인 무수단 미사일의 시험발사에 성공했다고 발표했다. 북한 조선중앙통신은 어제 “탄도로케트는 예정비행궤도를 따라 상승비행한 뒤 400㎞ 전방의 예정된 목표 수역에 정확히 낙탄되었다”고 보도했다. 남측 군은 무수단 미사일의 엔진 성능 향상을 인정하면서도 발사 성공 여부에 대한 평가는 유보했다. 북한의 무수단 미사일 발사는 유엔 안보리 결의 위반이자 한반도 및 국제사회의 평화와 안전에 대한 중대한 위협행위이다.
북한이 올 들어 잇단 실패에도 불구하고 무수단 미사일을 6차례나 연속 발사한 것은 미군의 태평양 거점인 괌을 겨냥한 것이다. 여기에 대륙간탄도미사일과 잠수함발사탄도미사일로 미 본토 타격 능력까지 확보해 핵보유국 위상을 과시하겠다는 의도다. 북한의 이런 전략은 그제 열린 동북아시아협력대화에서도 그대로 드러났다.
북한 대표인 최선희 외무성 미국국 부국장은 “6자회담은 죽었다”며 대화를 통한 비핵화 논의를 정면 거부했다. 최 부국장은 외신기자회견에서도 “6자회담은 조선(북한)의 비핵화 문제를 논의하기 위한 것이지만 우리가 핵무기와 운반수단을 갖춘 마당에 비핵화 회담은 생각이 없다”고 밝혔다. 핵보유를 기정사실화하면서 이 지위를 바탕으로 국제사회와 담판하겠다는 의도를 분명히 한 것이다.
하지만 국제사회의 확고한 비핵화 의지를 감안하면 북한의 핵전략은 뜻을 이루기 어렵다. 북한은 핵탄두 소형화와 발사체 개량을 통한 핵능력 고도화를 꾀하고 있지만 이는 국제사회의 반발만 살 뿐이다. 유엔이 미사일 발사 제재 논의에 착수하고 버락 오바마 미국 대통령이 대북 제재를 1년 연장한 것만 봐도 알 수 있다. 중국과 러시아도 미사일 발사에 대한 유엔 안보리 긴밀 공조를 다짐한 터다.

남한의 북핵 대응도 북한 못지않게 절망스럽다. 박근혜 대통령은 어제 전군 주요지휘관 격려 오찬에서 “북한이 변화의 길을 택할 때까지 강력한 제재와 압박을 계속해 나갈 것”이라고 말했다. 북한과 마찬가지로 대화를 통한 북핵 해결을 거부한다는 의사를 확인한 것이다. 그러나 박 대통령의 이 같은 진단은 국제사회의 대북 제재와 압박이 4개월 넘게 이어지는 동안 북한이 굴복하기는커녕 오히려 핵능력을 강화해온 점을 감안하면 현실성이 떨어진다. 북핵은 한반도의 운명을 좌우하는 중대사다. 남북 당국의 자존심이나 체제 대결은 북핵의 엄중함에 어울리지 않는다. 그런데도 북한은 핵보유국만을 향해 달려가고, 남한은 제재 일변도이다. 남북은 잘못된 길을 가고 있다.",NEG
"한동안 잠잠했던 부동산 시장이 다시 뜨거워지고 있다. 지난주 금리가 추가 인하되자 그동안 보합세를 보였던 주택매매가가 상승세로 전환했다. 서울·수도권 등 일부 지역에서는 과열 징후도 나타나고 있다. 그제 끝난 인천경제자유구역 영종하늘도시 단독주택지의 평균 청약 경쟁률은 364 대 1이었다. 자리가 좋은 특정 필지는 9204 대 1을 기록했다고 한다. 재건축이 예정된 서울 개포와 잠실 5단지 아파트들은 1개월 새 1억~2억원이나 뜀박질했다. 분양가는 천정부지이다. 강남권에서는 3.3㎡당 분양가 4000만원이 보편화된 상태다. 용산구의 한남더힐은 3.3㎡당 8000만원에 분양하고 있다.
저금리 지속으로 시중에 떠도는 유동자금이 돈이 될 만한 곳으로 몰리는 ‘쏠림 현상’으로만 설명하기에는 지나치다 싶을 정도로 과하다. 부동산 관계자들에 따르면 재건축단지나 인기 분양단지, 공공택지 내 단독주택용지를 주로 찾는 이들은 실수요자보다는 상당수가 상위 1%에 해당하는 자산가들이다. 손바뀜도 잦다고 하니 투기세력도 가세했을 것이다. 지속적인 금리 인하에 분양가상한제 폐지, 전매제한 완화, 재건축 시 추가이익 환수 유예 등 각종 규제가 사라지면서 자산가들이 활개칠 공간이 커진 것이다. 갖가지 경기부양 노력이 경제 활력은커녕 상위 1%들의 ‘돈 놀이터’의 물꼬만 터준 셈이다
더 걱정스러운 것은 이런 움직임이 서민들의 고통으로 직결된다는 점이다. 재건축 아파트 가격이 뛰면 인근 일반 아파트값도 영향을 받게 된다. 분양가가 높아지면서 내집 마련도 어려워진다. 전·월세 부담도 늘어날 수밖에 없다. 강남권 재건축 아파트 거주자의 경우 90%가 세입자다. 낡은 재건축 단지의 특성상 전세 보증금도 낮다. 재건축이 진행되면 소유주들은 집값 상승 기대감에 계산기를 두드리겠지만 세입자들은 대부분 전세난민으로 추락하면서 서울 외곽으로 밀려나게 된다. 최근의 전·월세난으로 서민들은 두 번 이상 강제 이사하고, 출퇴근 시간도 길어졌다는 조사결과도 있다. 정부는 금리 인하가 부동산 과열로 치닫는 것을 막아야 한다. 일부 지역의 현상이라 하더라도 과열 징후는 가볍게 넘겨서는 안된다. 투기세력이 활개치는 것을 방관해서도 안된다. 지나친 고분양가에도 제동을 걸 필요가 있다. 경기부양이 가진 자의 부를 더 키우고, 갖지 못한 자에게는 그늘을 더 짙게 드리우는 결과가 되어서는 안된다.",NEG
"새누리당 혁신비상대책위원회가 20대 총선 공천 과정에서 탈당해 무소속으로 당선된 7명의 복당을 일괄 허용키로 했다. 이에 따라 강길부·안상수·유승민·윤상현 의원 등 이미 복당을 신청한 4명은 바로 입당이 승인됐다. 그러나 친박계가 거세게 반발하면서 17일로 예정됐던 고위 당·정·청 회의가 취소되는 등 파열음이 커지고 있다. 김희옥 혁신비대위원장도 사퇴 가능성을 시사했다고 한다. 김 위원장이 사퇴할 경우 혁신비대위 전체가 해체되고 새누리당의 지도부 공백 상태가 재연될 수 있다. ‘유승민 복당’이라는 뇌관이 터지면서 새누리당이 또다시 극도의 혼란에 빠져드는 형국이다.
비대위의 복당 허용 결정은 전격적이었다. 박근혜 대통령이 ‘배신자’로 찍어낸 유 의원의 복당은 민감한 문제인 만큼 쉽게 결론을 내리지 못할 것이라는 예상이 많았다. 그러나 의외로 무기명 투표로 신속하게 결론이 났다. 비대위 발표가 나오자 친박계에서는 “쿠데타”라며 반발하고 나섰다. 일각에선 박 대통령의 탈당이나 분당 가능성까지 거론하며 전면전을 불사할 태세라고 한다. 청와대 역시 “당에서 결정한 일”이라면서도 불편한 심기를 감추지 않았다. “거취를 고민해봐야겠다”는 김 위원장 입장이 청와대·친박계의 책임 추궁 때문 아니냐는 관측까지 나온다. 난장판도 이런 난장판이 없다.
새누리당은 총선에서 참패하고도 환골탈태는커녕 ‘분칠’조차 하지 않았다. 총선 패인을 제공한 친박계는 패권을 놓지 않으려고 온갖 꼼수를 동원했다. 집단행동으로 ‘김용태 혁신위원회’ 출범을 무산시켰다. 국회 상임위원장 경선 과정에선 비박 경제통의 기획재정위원장 당선을 막기 위해 기재위 경험이 전무한 조경태 의원을 밀었다. 이제는 8월 전당대회에서 당권을 쥐겠다며 벼르고 있다. 친박 패권주의를 심판한 총선 민의를 정면으로 거부하겠다는 것이다. 총선 이후 50일 만에 출범한 ‘김희옥 비대위’는 친박의 등쌀 속에 혁신 작업의 시동조차 걸지 못했다. 도대체 이런 집권당을 언제까지 보고 있어야 하나.

비대위원인 김영우 의원은 일괄 복당 결정과 관련해 “비대위 전원 합의에 의한 민주적 절차에 따른 결과”라고 밝혔다. 김 의원 말대로 복당 결정이 민주적 토론과 표결을 통해 이뤄졌다면 청와대든 친박계든 결정을 뒤집으려 해선 안된다. 김 위원장의 거취 문제 또한 마찬가지다. 김 위원장이 지금까지 잘했든 못했든 그의 거취는 제3자 아닌 스스로가 결정해야 한다. 그것이 민주주의다.",NEG
"여교사들에 대한 성폭력이 심각한 상황인 것으로 나타났다. 전국교직원노조가 전국의 유치원 및 초·중·고교 여교사 1758명을 대상으로 온라인 설문조사를 실시한 결과 교직 생활 동안 성폭력 경험 비율이 70.7%에 달했다. 이는 여성의 성폭력 피해 경험 비율이 50%를 밑돌았던 종전 타직종 종사 여성을 대상으로 한 설문 결과와 비교하면 충격적인 수치라고 하지 않을 수 없다. 다른 곳도 아닌 교육과 배움의 장인 학교가 성폭력의 온상이었다니 끔찍한 일이다.
전교조 설문조사 결과 여교사들의 성폭력 피해 내용은 다양했다. 술 따르기·마시기 강요가 53%로 가장 많았고, 그 다음으로 유흥업소에서의 춤 강요, 언어 성희롱, 허벅지나 어깨에 손 올리기 등 신체 접촉의 순이었다. 키스 등 심각한 성추행 피해는 2.1%, 강간 등 성폭행 피해는 0.6%였다. 어느 항목이든 종전의 타직종 종사 여성 대상 설문조사에서 나타난 피해 비율을 웃돌았다. 여교사를 동료 교사로 보지 않고 성적 대상으로 여기지 않고서는 일어날 수 없는 일이다. 교직사회의 성윤리와 성의식이 땅에 떨어졌다고 개탄할 만한 결과다. 일각에서 술 따르기나 마시기 강요를 성폭력의 범주에 포함하는 것이 맞느냐며 이의를 제기하지만 이는 신안 여교사 성폭행 사건도 술 마시기 강요에서 비롯되었다는 점을 감안할 때 논란의 여지가 없다.
놀라운 것은 여교사 성폭력 가해자의 다수(73%)가 교장·교감 등 학교 관리자로 지목된 점이다. 학교 성폭력 예방에 앞장서야 할 책임자들이 성폭력의 주요한 가해자들이라니 위험천만한 일이다. 이는 교단의 위계질서가 강고하고, 성차별적 인식은 낙후된 데서 비롯된 결과다. 이래놓고 학생들을 가르칠 자격이 있는지 의심스럽다.
여교사에 대한 성희롱과 성폭력의 근저에는 남성을 여성보다 우월한 존재로 여기는 의식이 자리하고 있다. 교단 내 성폭력 만연 현상을 바로잡으려면 성평등 의식을 높이는 것이 시급하다. 무엇보다 부실한 학교 성평등 교육의 내실화가 급선무다. 그동안 성평등 교육은 학생들에 대해서는 입시경쟁 교육에 밀려 형식적으로 진행하고, 교직원 대상 교육은 관리자가 불참하기 일쑤였다. 이런 식의 교육으로는 성범죄의 근본 원인인 성차별적 인식과 문화를 뿌리뽑을 수 없다. 특히 학교 관리자들에 대한 교육이 엄정하게 이뤄져야 한다.",NEG
"산업은행과 수출입은행이 조선사 부실을 방치한 차원을 넘어 사실상 방조해온 실태가 드러났다. 감사원의 ‘금융공공기관 출자회사 관리실태’ 감사 결과를 보면 산은은 분식회계 적발 시스템이 있었음에도 대우조선해양의 1조5000억원대 분식회계를 방치했다. 조선업과 관련이 적은 자회사 17곳에 투자한 대우조선이 1조원 가까운 손실을 내는 동안 산은의 낙하산 임원들은 한 건의 반대도 없이 이사회에서 거수기 노릇만 했다. 산은 경영관리단은 대우조선에 대규모 적자가 드러난 지난해 격려금 약 900억원을 지급하도록 해 부실을 키웠다. 경영관리단은 술집과 골프장 등에서 업무추진비를 쓰는가 하면, 주거 및 차량 운영비를 대우조선에 떠넘기는 갑질도 저질렀다. 수은은 조선소 가동을 유지하기 위한 성동조선해양의 최소 적자 수주 물량이 22척이었으나 2배로 늘렸다. 성동조선의 적자 수주가 늘면서 당초 계획했던 구조조정은 지연되고 갈수록 적자만 불어났다.
감사원은 산은과 수은의 전·현 경영진 5명에 대한 감사 결과를 금융위에 통보해 인사자료로 활용하도록 하고, 직원 7명은 징계하라고 요구했다. 이들은 출자회사 관리·감독을 제대로 하지 못해 부실을 키운 책임이 크다. 그 결과는 국책은행 부실로 이어졌고, 한국은행 발권력을 동원한 11조원 규모의 자본확충펀드 조성을 앞두고 있다. 이는 시민에게 부담을 전가하는 조치이다. 게다가 수많은 조선 노동자는 구조조정에 따른 실직 위기에 있다. 그러나 당시 최고 책임자였던 홍기택 전 산은 회장은 아시아인프라투자은행(AIIB) 부총재, 김용환 전 수은 행장은 농협금융지주 회장으로 자리를 옮겼다. 조선산업 부실 책임을 지고 물러나도 모자랄 판에 영전한 것이다.
대우조선과 성동조선 부실에 대한 책임 규명은 감사원 감사와 국책은행 임직원 징계로 끝낼 일이 아니다. 뒤에 숨어 부실을 조장한 실체를 밝혀내야 한다. 홍 전 회장이 고백한 대로 조선사 지원과 관련한 주요 결정은 청와대와 정부, 금융당국 고위 인사에 의해 이뤄졌다. 국책은행이 출자회사에 대한 관리와 감독에 소홀할 수밖에 없었던 배경에는 이른바 ‘윗선’이 있다. 산은과 수은의 임직원 징계에 그친다면 감사원이 감사 범위를 축소한 셈이 된다. 몸통은 그대로 둔 채 깃털만 솎아내는 것과 다르지 않다. 국회 청문회나 검찰 수사를 통해서라도 진실을 밝히고 관련자를 처벌해야 한다.",NEG
"경남의 한 건축업자가 우즈베키스탄 출신 이주노동자 4명에게 밀린 급여 440만원을 동전 2만2802개로 지급한 사건이 벌어졌다. 이 사업자는 은행 6곳을 돌면서 동전을 준비했고 100원짜리 1만7505개, 500원짜리 5297개를 자루에 담아 컨테이너 사무실 바닥에 쏟아부었다. 이주노동자들은 동전을 합숙소인 원룸으로 들고 가 분류작업을 한 뒤 은행에서 환전하려 했다. 그러나 ‘동전이 너무 많다’는 이유로 번번이 거절당했다. 결국 한국은행 경남본부에 가서야 5만원권 등 지폐로 간신히 바꿀 수 있었다고 하니 이들이 타국 땅에서 느꼈을 모멸감은 이루 말할 수 없었을 것이다. 사업자는 자신도 공사대금을 제때 받지 못했고 이주노동자들이 급여가 밀렸다는 이유로 출근을 안해 홧김에 동전으로 지급한 것이라고 말했다. 그러나 이는 우월적 지위를 이용한 명백한 ‘갑질’이라고 볼 수밖에 없다. 이주노동자들은 “우리나라에선 이런 일 없다. 이런 업주는 처음이었다”고 말했다.
임금을 동전으로 지급하는 것 자체가 불법은 아니지만 수만개 동전으로 지불했다면 누가 봐도 정상이 아니다. 법 준수 이전에 인간존중과 인권에 관한 문제다. 외국인 노동자에게도 인권과 노동권이 보장되어야 한다는 것은 국제적 공통규범이다. 어쩌면 이번 사건은 특정 개인의 일탈 행위가 아니라 우리 사회에 만연한 이주노동자에 대한 멸시와 차별이 드러난 것일지 모른다. 2004년 외국인고용허가제가 시행된 후 이주노동자들이 밀려들면서 외국인 노동자는 60만명을 넘고 있다. 상당수가 한국인이 기피하는 열악한 환경과 근로조건 속에서 일하고 있으며 저출산 고령화에 따른 노동력 부족을 메워주고 있다. 그럼에도 불구하고 일선 노동 현장에서는 아직도 이주노동자들에 대한 욕설과 폭행, 임금체불이 비일비재하다.
한국을 기회의 땅으로 여기고 찾아온 이주노동자들을 사회적 약자라 해서 단순한 경제적 도구로만 여겨선 안된다. 이번 사건을 계기로 체불된 임금의 동전지급을 법으로 금지하고 지폐로 지급하거나 본인 명의의 계좌로 입금하도록 근로기준법을 개정하는 방안도 검토해볼 필요가 있다. 외국인 노동자에 합당한 대우를 하지 않는 악덕 기업주도 문제지만 제도적 장치 마련에 소홀한 당국도 문제다. 경제발전을 위한 동반자로 이주노동자를 인식해야 하며 그들의 ‘코리안 드림’을 짓밟는 악의적 인권 유린이 재발하도록 방치해선 안된다.",NEG
"20대 청년노동자가 안전교육 없이 방사선 비파괴검사 현장에 투입돼 방사선에 피폭되는 피해를 입었는데도 업체에서 열흘이나 아무런 조치를 취하지 않은 사실이 뒤늦게 드러났다. 피해 노동자는 입사한 지 한 달도 안된 20대인데다 2인1조 안전작업 규정도 지켜지지 않았다는 점에서 지하철 2호선 스크린도어 산재사망 사고를 연상시킨다. 원자력안전위원회 조사 결과 피해 노동자는 지난해 12월 경기 평택시 공사현장에 투입되면서 필수 장비인 방사선측정기도 지급받지 못했다. 방사성동위원소를 사용해 설비의 균열을 점검하는 위험작업을 하면서 안전관리 규정이 제대로 지켜진 게 하나도 없었던 것이다.
더 심각한 것은 피해 노동자가 방사선 피폭으로 붉은 반점이 나타났는데도 회사 측은 열흘씩이나 병원에 데려가지 않고 감독기관에 신고도 안 했다는 점이다. 발주처나 원청이 하청업체에 위험작업을 저가에 떠넘기고 하도급업체는 한 푼이라도 이익을 남기기 위해 안전교육이나 안전설비 없이 노동자들을 위험작업에 투입하면서 요행수만 바라고 있는 셈이다. 지난 1일 4명이 사망한 남양주시 지하철 공사 폭발사고도 마찬가지다. 일용직 노동자들이 지하에서 고압의 LP가스통을 이용해 용접작업을 했는데도 원청인 포스코는 물론 하도급업체도 아무런 안전교육을 하지 않았고 환풍기·가스경보기 등 기본적인 안전설비도 없었던 것으로 드러났다.
노동부의 특별근로감독도 속수무책이다. 노동청은 올 들어 5명의 노동자가 숨진 현대중공업에 30여명을 투입해 특별근로감독을 했지만 그로부터 채 열흘도 안돼 계열사 사내하청 노동자 2명이 추락사고로 숨졌다. 삼성중공업에서도 최근 한 달 새 2명의 사내하청 노동자가 절단 숫돌에 허벅지가 잘리거나 고소작업대에 깔려 숨지는 사고가 발생했다. 원청업체는 마음만 먹으면 얼마든지 감독관의 눈을 속일 수 있고 몇천만원 벌금만 내면 그만인 상황에서 근로감독관을 무서워할 이유가 없다. 결국 영국의 ‘기업살인법’처럼 산재를 중대범죄로 처벌하고 원청업체에 막대한 징벌적 손해배상을 물리는 법안을 도입할 필요가 있다. 국회에는 기업살인법 수준은 아니지만 산재사망 시 원·하청업주에게 동일하게 최고 징역 7년의 형사책임을 묻는 법안이 제출돼 있다. 정부·여당은 ‘파견법 통과 없이 다른 노동법도 안된다’고 고집부리지 말고 우선 이 법안이라도 통과시켜야 한다.",NEG
"한국이 국제노동조합총연맹(ITUC)이 발표한 국제노동자권리지수 조사 결과에서 3년 연속 최하위인 5등급을 기록했다. 이 지수는 141개 국가의 노동법령과 현실을 국제노동기구(ILO)가 정한 97개 지표별로 평가한 것이다. 한국과 같이 최저등급인 5등급 평가를 받은 나라는 알제리, 캄보디아, 인도, 이란, 중국, 파키스탄 등 25개국이다. 한마디로 한국은 최악의 노동인권 후진국으로 분류된 셈이다.
고용노동부는 노동계가 툭하면 정부를 국제기구에 제소하면서 이미지가 악화됐고 ITUC 평가가 가맹노조 조합원을 상대로 한 설문조사 결과라는 점을 강조하고 있다. 노동계가 정부를 공격하기 위해 노동 현실을 지나치게 부정적으로 평가해 등급이 실제보다 낮게 나왔다는 것이다. 하지만 정부는 노동인권 후진국이라는 오명을 초래한 책임을 노동계에 전가하기에 앞서 ‘노동개혁’을 빙자해 지난 3년간 자신들이 무슨 일을 해왔는지를 냉정하게되돌아볼 필요가 있다. 국제기준에서 볼 때 해고자 9명 때문에 조합원수 6만명의 전국단위 노조를 법외노조로 내몰고 노사자율로 체결된 단체협약을 기업에 부담이 된다는 이유로 정부가 나서서 개정하라고 압박하는 것은 상상하기 어려운 일이다. 심지어 헌법과 노동법을 무시하고 행정지침으로 해고와 임금결정에서 노동자의 기본권을 제한하는 나라는 법치주의를 부정하는 독재국가 빼고는 찾아보기 어려울 것이다.
고용노동부는 “1980년대 이후 한국이 노동기본권을 국제수준에 맞추도록 끊임없이 노력해온 점을 ITUC가 간과하고 있다”고 지적했다. 과연 그럴까. 철도민영화 반대파업을 이유로 노동자 총연맹 건물에 공권력을 투입하고 종교시설을 에워싼 채 노조 지도자를 체포하는 장면은 군사정권 시절에도 쉽게 볼 수 없었던 일이다. 대통령과 정부가 나서 노사합의를 무시하고 이사회 결의만으로 취업규칙을 불이익 변경해 성과연봉제를 도입하는 나라도 찾아보기 어렵다. 지난 6일 ILO총회에서는 한국의 타워크레인 노동자들이 ‘조합원 우선 채용 보장’을 요구하다 경영권을 침해했다는 이유로 공갈·협박죄로 몰려 징역형을 선고받은 사례가 보고되기도 했다. ITUC의 평가는 한국 정부를 향한 국제사회의 준엄한 경고장이다. 박근혜 대통령은 기업을 위한 ‘노동개혁’만 고집할 것이 아니라 한국의 노동인권 후퇴를 걱정하는 국제사회 목소리를 귀담아들어야 할 것이다.",NEG
"2060년이면 한국의 대기오염으로 인한 조기 사망자 수가 인구 100만명당 1109명으로 2010년보다 3배 이상 늘면서 경제협력개발기구(OECD) 회원국 중 가장 많을 것으로 전망됐다. OECD가 지난 9일 발표한 ‘대기오염의 경제적 결과’ 보고서에서 예측한 내용이다. 지난 5일 OECD가 내놓은 ‘2016년 더 나은 삶의 질 지수’에서도 한국인의 삶의 질 지수는 조사대상 38개국 중 28위였고 환경부문은 37위였다. 올해는 한국이 선진국 클럽으로 불리는 OECD에 가입한 지 20년이 되는 해다. 선진국에 가까워지기는커녕 삶의 질이 갈수록 나빠지면서 선진국에서 더 멀어지고 있는 게 오늘날 한국의 현실이다.
OECD의 이번 보고서는 환경정책이 헛바퀴를 돌고 있으며 개선 의지도 미흡하다는 국제적 평가를 내린 것이나 다름없다. 미국과 서유럽 국가들은 청정에너지와 저공해 교통수단을 이용하려는 노력으로 2060년 조기 사망자 수가 2010년과 비슷하거나 감소할 것으로 예측됐다. 한국은 인구 집중과 도시화로 경유차량, 공장, 대형건물 냉난방 등에서 나오는 대기오염 물질에 더 많이 노출될 것으로 분석됐다. 일본과 유럽연합 주요국들은 2010년 대기오염에 따른 조기 사망자 수가 한국보다 많지만 2060년이면 순위가 역전된다는 것이니 정부의 분발을 촉구하지 않을 수 없다.
OECD가 한국 지표면의 오존 농도가 2060년까지 20% 증가할 것으로 예측한 것은 최근 논란이 됐던 미세먼지 외에 또 다른 난제가 기다리고 있음을 보여준다. 지표면 부근에 존재하는 오존은 전형적인 대기오염물질이다. 오존은 공장과 자동차에서 배출되는 질소산화물, 휘발성 유기화합물 등이 강한 햇빛과 광화학반응을 일으켜 형성된다. 사람의 호흡기나 눈에 해를 끼치며 농작물 작황도 안 좋아진다. 정부가 2005년 이후 수도권 대기질 개선을 위해 3조원을 들였지만 지난해까지 수도권의 오존 농도가 오히려 높아졌다는 사실은 정부 정책의 실패를 증명하고 있다.

정부는 그동안 중국발 황사와 미세먼지 탓만 해온 건 아닌지, 성장률을 의식해 근원적 처방을 미뤄온 것은 아닌지, 부처 이기주의에 매몰되진 않았는지 자문해 봐야 한다. 대기오염이 삶의 질을 악화시키는 주요 원인이라면 경제발전 전략도 재검토할 일이다. 대기오염으로 인해 질병 치료에 들어가는 비용이 늘고 노동생산성이 떨어지면 성장률에도 악영향을 준다. 대기환경 개선을 통한 시민들 삶의 질 개선이 지금처럼 계속 경제적 효율 논리에 밀리기만 한다면 재앙을 피할 수 없다. 시민 생존권을 보장할 의무를 진 정부는 이제라도 행동에 나서야 한다.",NEG